time,amount
'12AM',61192
'01AM',49233
'02AM',31745
'03AM',19382
'04AM',14551
'05AM',9475
'06AM',11076
'07AM',14684
'08AM',18287
'09AM',20444
'10AM',18803
'11AM',17802
'12PM',16873
'01PM',17541
'02PM',18063
'03PM',18068
'04PM',18318
'05PM',18964
'06PM',23057
'07PM',26946
'08PM',34974
'09PM',45993
'10PM',64369
'11PM',76149











