time,amount
'12PM',16873
'07PM',26946
'03AM',19382
'10PM',64369
'11PM',76149
'01AM',49233
'11AM',17802
'06PM',23057
'08PM',34974
'03PM',18068
'09PM',45993
'12AM',61192
'02AM',31745
'08AM',18287
'01PM',17541
'10AM',18803
'04AM',14551
'05AM',9475
'06AM',11076
'02PM',18063
'07AM',14684
'04PM',18318
'09AM',20444
'05PM',18964
